projectId	bugNumer	date	login	assignmentType	eventId	commitSHA
460078	40	2011-04-20T18:07:07.000Z	groner	2	328528	23b255a8b7481ff5c06004b3558c07f981c42276	
460078	85	2011-04-20T18:07:07.000Z	groner	2	328521	0a6cf70debc6440685af3f9ea96a66450e4f4ed7	
460078	152	2011-04-20T18:07:07.000Z	groner	2	328515	011fa39c2a0b5da843395b538fc4e52e5ade8287	
460078	153	2011-04-20T18:07:07.000Z	groner	2	328518	ec4d446f898e7860c12a337200c31c3b75f663cc	
460078	159	2011-04-20T18:07:07.000Z	groner	2	328522	aab3df7aeaf79908e8b6212288b283adb42b1ce6	
460078	169	2011-04-20T18:07:07.000Z	groner	2	328516	fa722447f89e0215463cb39dfd1532189057fea8	
460078	170	2011-04-20T18:07:07.000Z	groner	2	328514	5a8ad8fe329fc09898ff43a060710265d38393be	
460078	189	2011-04-20T18:07:07.000Z	groner	2	328517	b370fac4fc7e4c4da3b7968ed44cf3745c2ad7a4	
460078	217	2011-04-20T18:07:07.000Z	groner	2	328524	ce7ab3d1ee0e496c4b9838950b56fc1555b5bcf0	
460078	224	2011-04-20T18:07:07.000Z	groner	2	328520	c79aba92f6b058742c9ae20a9382f6abc68afcea	
460078	242	2011-04-20T18:07:07.000Z	groner	2	328523	4a569560d8b667e625f8d9c9aea2e02945af058c	
460078	260	2011-04-20T18:07:07.000Z	groner	2	328526	d6db4b174940782867d1cf42e1e0152046fe05c1	
460078	276	2011-04-20T18:07:07.000Z	groner	2	328527	c37bb2dc2880ac066c0a465eb6390bf870c84a29	
8514	544	2011-05-13T21:37:48.000Z	sleeptillseven	2	663441	ce1a1b47be2abc42062c24954108550d8a431e1b	
8514	1058	2011-05-18T19:53:46.000Z	joshk	2	742955	fbf99653f14273773e4437390ecdca736f495fb9	
8514	987	2011-05-18T19:59:33.000Z	joshk	2	743072	86491476d5ff346e46cc024a890bf1e71530bdd5	
8514	1168	2011-05-20T15:27:54.000Z	arunagw	2	774764	19ee8413deee4bf202e87d53bf6d99b24a795ac8	
8514	796	2011-05-24T19:20:44.000Z	vijaydev	2	832973	176883a906e49a52fbfe9990bf18c16b3170161d	
8514	1289	2011-05-27T21:28:13.000Z	gnufied	2	894037	985ace4d7fd6a1ed4f0964c3172f1f554a88c769	
8514	1360	2011-05-31T20:38:24.000Z	martinploeger	2	942238	dfaad4f5a78b2e21a3b86e0daea3afb3b483dc5e	
8514	1423	2011-06-01T00:56:58.000Z	sikachu	2	946147	cf3364a03c665374f6419a8875474ebf8623ea67	
8514	1467	2011-06-03T13:45:48.000Z	pixeltrix	2	998495	64325a82427120cf7659c80e1b67ca1ffb01ebc4	
8514	1489	2011-06-08T00:11:45.000Z	smartinez87	2	1071789	2684f17a17e4f97bdb89d20b4cd08585235263a2	
8514	1524	2011-06-08T00:11:45.000Z	smartinez87	2	1071791	7d1782a2c15094224986e60eb15e864f8ea18e37	
8514	1597	2011-06-10T11:38:48.000Z	bdq	2	1123279	0bcbcdfdad1e082ba7740a5d60c61eb3349b670a	
8514	1663	2011-06-12T16:20:41.000Z	reu	2	1154019	1fa059cd017c134499835593ba29620c4cd7358c	
8514	1673	2011-06-13T12:50:09.000Z	tinogomes	2	1163803	5d655aabcb47a68e7ce1dfb60222e951a6d30169	
8514	1682	2011-06-23T19:08:36.000Z	martinploeger	2	1364050	87d6865bf71eb3feb5831ca541f3493aa36ee88e	
8514	1842	2011-06-30T23:53:53.000Z	smartinez87	2	1516740	0e225ec583db523a8b7da332eaf689149ed60447	
8514	1958	2011-07-04T16:05:46.000Z	martinploeger	2	1579390	718542bb182af38d225384b26adb820c7589ea9a	
8514	1960	2011-07-08T20:46:58.000Z	bhus	2	1679128	dfec3737b05d22e6f298bcae0a8948a4b8803ebd	
8514	1992	2011-07-09T05:43:40.000Z	dmitriy-kiriyenko	2	1685281	d9182c0ae9494ad1181678644cbe1c5974e1069c	
8514	1922	2011-07-11T14:39:37.000Z	sleeptillseven	2	1711721	871d7fad03b2c74edc8b853b9c350aa9f9d24a3d	
8514	1471	2011-07-12T04:43:20.000Z	arunagw	2	1727257	1712d90050bd4b32a9ee93548b5eef05a69491f7	
8514	1937	2011-07-18T00:18:36.000Z	norman	2	1841471	fcbde454f673a2b393942b09f855a4febcf331fa	
8514	2162	2011-07-20T22:28:38.000Z	andhapp	2	1914250	09a488456aecf2b4ef7f200546b281cabda56e2f	
8514	2106	2011-07-21T03:45:37.000Z	amatsuda	2	1918631	8bc314b3b7dca6d3c796760ace1bb9c1d4cadf53	
8514	2169	2011-07-21T22:42:00.000Z	gkfabs	2	1938495	bb7e35531e181439ff4a454296a78a00fe1e8723	
8514	2126	2011-07-21T22:42:01.000Z	gkfabs	2	1938496	5b6121aa3428f4fc0f12fd797abde143b97650fb	
8514	1374	2011-07-23T12:24:22.000Z	vatrai	2	1967165	4d8aaff4ea7334ff3f88bedec8147904846f435e	
8514	713	2011-07-23T14:17:53.000Z	vatrai	2	1967922	7e4cedf5345226aab2c5731e3c51579167baeb5a	
8514	2074	2011-07-24T04:36:08.000Z	cldwalker	2	1974296	f956759f8ab656484add2d5bc6e8f6f4add79469	
8514	2107	2011-07-26T02:37:30.000Z	arunagw	2	2007816	36ab1cd293f3dfaa60897e2751fef4f68f1b91d8	
8514	1592	2011-07-29T20:11:31.000Z	martinploeger	2	2102958	3d6e1872550f284dd387ffc87a984a9036376062	
8514	1936	2011-07-29T22:01:33.000Z	sleeptillseven	2	2105125	ea7f50863d3a1e58a28921b15da3927ad7d18f4a	
8514	1872	2011-08-01T09:58:41.000Z	arunagw	2	2133839	860202e8b2e3579402d48d7e56fa738a9529a340	
8514	2031	2011-08-01T09:58:41.000Z	arunagw	2	2133840	860202e8b2e3579402d48d7e56fa738a9529a340	
8514	2431	2011-08-09T02:30:39.000Z	guilleiguaran	2	2305624	9062b75bb7dab38977805c1de35944079a56499a	
8514	2094	2011-08-14T04:35:21.000Z	arunagw	2	2423497	f87b33daaf0f0a93825a3f022d52fcb5aa4c8320	
8514	2107	2011-08-14T04:35:21.000Z	arunagw	2	2423496	cd5f54cfb6ab184659e6e86c6803e4b2915b7271	
8514	1592	2011-08-14T04:35:22.000Z	arunagw	2	2423499	17a66a8ddc5a2ee8263d1dcc86a032322cb8e615	
8514	1697	2011-08-14T04:35:22.000Z	arunagw	2	2423498	c751bb1ac25c1b563cb55da2a25284f430e5e40e	
8514	1936	2011-08-14T04:35:22.000Z	arunagw	2	2423500	f85b9662699d7b77fd9ad4e1303565fdaaed0379	
8514	1872	2011-08-14T04:35:23.000Z	arunagw	2	2423503	5f3265c4714efd697cb71015489a9c59d1129440	
8514	2031	2011-08-14T04:35:23.000Z	arunagw	2	2423504	5f3265c4714efd697cb71015489a9c59d1129440	
8514	2346	2011-08-14T04:35:23.000Z	arunagw	2	2423501	e1b546464ecf20466fb38a93eea9769945774eee	
8514	2355	2011-08-14T04:35:23.000Z	arunagw	2	2423505	68c4b66015dd17e1a91a8ddc90b634d5cfc0f9ff	
8514	2368	2011-08-14T04:35:23.000Z	arunagw	2	2423502	076afd0e22caaa307f5fddeca8a5749586654852	
8514	2054	2011-08-15T15:31:55.000Z	arunagw	2	2445341	57423d815b3747aa382cd3859a15bffa538525ad	
8514	522	2011-08-16T05:09:00.000Z	oem	2	2461453	128d006242dae07edc65ad03e0e045adac0bbbf3	
8514	2624	2011-08-23T11:15:14.000Z	waseem	2	2644216	14cf4b2e353f923155aab1ae0eaafed3c2924b12	
8514	2654	2011-08-23T17:09:54.000Z	vatrai	2	2653266	68a13eded347248fb9d4c8ef7f0ed2af52bba994	
8514	2556	2011-08-29T14:37:32.000Z	sleeptillseven	2	2795599	735d985b0162976e7e900cf36d4cbb0d657fb5e9	
8514	2795	2011-09-01T20:53:16.000Z	dmathieu	2	2914385	fdd619e9a7a5b9457f77e6322c920b99c3c09599	
8514	2645	2011-09-02T04:55:37.000Z	guilleiguaran	2	2922857	6f3c6992c529a09c8f8bfdb1f714bb8ff1e23300	
8514	2840	2011-09-04T02:45:07.000Z	arunagw	2	2963070	0a38e2a5ce2eaf7393958721edbfcf2a7fe87334	
460078	98	2011-09-05T13:10:08.000Z	groner	2	2986592	99f25050a34a0f0e2b0bdc63a55f38097f7098db	
460078	119	2011-09-05T13:10:08.000Z	groner	2	2986593	690dfe000bf11fa6b39235d9a177dc79948841d4	
460078	51	2011-09-05T13:10:09.000Z	groner	2	2986594	00ca67e4befffed00ecee81bd1ce903fe01f542a	
460078	123	2011-09-05T13:10:10.000Z	groner	2	2986598	257e97a65f7dd794faa5d8c0d72bbd5a894cb471	
460078	134	2011-09-05T13:10:10.000Z	groner	2	2986596	96e37a08666f4000cbba6f77a4b362a3480c934b	
8514	2828	2011-09-05T22:50:37.000Z	brunoadacosta	2	3004457	21750122308a38cd2eaf9b46aa1789966eb8abd9	
8514	2755	2011-09-06T15:14:19.000Z	brunoadacosta	2	3022758	b24d668859c5836c0e3ed277b2022a1a39eb3f8e	
8514	2834	2011-09-06T16:01:50.000Z	sleeptillseven	2	3025284	9bde73ff72812f6f3c59ad97be6ca6c628e109ea	
8514	2882	2011-09-07T03:35:17.000Z	arunagw	2	3046557	f6ced69a11cdff56c2e87b84e775ef09c6d999d1	
8514	1339	2011-09-08T01:12:33.000Z	itsmeduncan	2	3078475	834d429e849b590ee7a283909eda9affed065387	
460078	492	2011-09-08T21:28:59.000Z	vojtajina	2	3107421	7e1f364177111ba6cceac82f6c6bcc254448292b	
8514	2858	2011-09-10T23:39:50.000Z	heironimus	2	3158272	e8e1911738ce990b55d068e603124572535baf5d	
8514	3020	2011-09-26T11:56:34.000Z	christos	2	3596917	b838059817aca490f78e3bb74a070729270300db	
8514	3104	2011-09-26T15:24:15.000Z	martinploeger	2	3603526	3b87c38d029c1626161a3e7699d40da3e789d7cb	
8514	2807	2011-09-26T17:56:33.000Z	rroblak	2	3610005	b3407c86cfccd2cc6258b8879e91600fe25c6e48	
8514	3198	2011-10-03T15:52:11.000Z	yahonda	2	3831019	2120d7b838819e14b1722f68941d9c553563a6da	
8514	2980	2011-10-05T03:10:47.000Z	yahonda	2	3891130	5711a35ad8faa3fb6d138b234cbe9acfad27a9a8	
460078	571	2011-10-05T18:02:01.000Z	igorminar	2	3914148	c115fa99240a55e32e1fa39f037056df429be741	
8514	3207	2011-10-05T20:39:08.000Z	martinploeger	2	3919946	2e9e647fee59d975c9564d96c924d29ffe57f2a2	
460078	580	2011-10-08T16:01:48.000Z	igorminar	2	4011703	7aeb6a24f73bd1206640f358fd2630c81a807d44	
8514	2509	2011-10-12T07:55:54.000Z	waseem	2	4127561	2cb2ca68b1973ddd202b094599521e4adc39a217	
8514	3335	2011-10-18T18:52:39.000Z	avakhov	2	4377221	6a28c512e358a95bbabd24af9d2b0608df787158	
8514	3247	2011-11-03T13:33:21.000Z	arunagw	2	4989861	b4b178f7e9a00a0235574a773cdbc06fe856acaf	
8514	3425	2011-11-03T13:33:21.000Z	arunagw	2	4989863	71bc921ec8ac89840077bb54752282a3d89429f6	
8514	3271	2011-11-03T16:23:29.000Z	brunoadacosta	2	4997680	d486103570bf680307ba474915efc01862e99403	
460078	648	2011-11-15T04:38:32.000Z	mhevery	2	5420203	5279de0e70e4f7c9c9607691c34b79d8c675695a	
8514	3644	2011-11-16T23:19:12.000Z	lazyatom	2	5516442	3a6a10a36d9fdcc6de0f2a8e81c73001c1331072	
8514	3672	2011-11-19T15:48:33.000Z	andhapp	2	5623580	fec85cf10d831ab90386a549ea558b0dd58a813f	
8514	3685	2011-11-19T15:48:33.000Z	andhapp	2	5623578	603a679e87d0317957eb44ce3928d593a0c50bb5	
8514	3890	2011-12-08T23:12:16.000Z	andhapp	2	6491164	5da90b34831a0f941b36edbede9089c54432ad6b	
8514	3353	2011-12-11T20:47:07.000Z	azimux	2	6577661	658bb4fa25db0b3f61bfb64028274f2365cad506	
8514	3672	2011-12-14T20:21:05.000Z	lest	2	6741378	889e8bee82ea4f75adb6de5badad512d2c615b7f	
8514	3987	2011-12-15T15:24:09.000Z	sweed	2	6782954	8dba32f125cc0b79fe453f38b1044c7bf9fb52ce	
8514	4067	2011-12-20T19:01:19.000Z	arunagw	2	6994015	7b32677ca0cac42ceafdcf294b95e1e875a99adb	
8514	4136	2011-12-23T02:21:22.000Z	jsleetw	2	7111597	4ee537a8a21ecab2a4d0c8e6a6730a72a7937428	
8514	4138	2011-12-23T02:21:22.000Z	jsleetw	2	7111599	ead2593a54223498647555171e930f9cbe08759c	
8514	4046	2011-12-23T18:38:40.000Z	karunakar	2	7133482	f1eb98f0fcca49c3f26a905a5c7b656ea22269d1	
8514	4126	2011-12-23T21:46:35.000Z	nashby	2	7138516	08f36451fc207c221169560238b539ae55c2d9e8	
460078	693	2012-01-06T20:19:48.000Z	igorminar	2	7558433	08029c7b72a857ffe52f302ed79ae12db9efcc08	
460078	702	2012-01-11T06:27:11.000Z	mhevery	2	7738609	614fd3d55a0d141067c7cd744a29787b1f93b008	
8514	4441	2012-01-14T02:04:53.000Z	arunagw	2	7901792	29fdd8c7779ec2ba74cfb742e8fcef47bfae6c09	
8514	4461	2012-01-16T17:32:55.000Z	martinploeger	2	7977105	04a05e58995b3c7c2949fbbd31a2cb669b8edc87	
8514	950	2012-01-17T00:45:32.000Z	mdespuits	2	8000103	a2dab46cae35a06fd5c5500037177492a047c252	
8514	4602	2012-01-22T19:06:55.000Z	ihid	2	8281772	1f9d6a0bf1307eb45d676b88dcdde87355b5b90d	
8514	4585	2012-01-24T02:27:04.000Z	bronzle	2	8354606	8d26f875f70beef3062deb5ded9c5ffcd473d5ac	
8514	4671	2012-01-26T11:00:40.000Z	arunagw	2	8498750	f251437415f7b803f7a84118fcc970a111ace266	
8514	4710	2012-01-26T21:26:33.000Z	andhapp	2	8534881	5dab9bd2cdf4a97ecfacde39a038ea7a2c682f1b	
8514	4764	2012-01-30T19:31:05.000Z	mdespuits	2	8695987	7cdb12286639b38db2eb1e9fd0c8b2e6bc3b39dc	
8514	4750	2012-01-31T03:39:44.000Z	vatrai	2	8720999	de161003c36a0cd967aa393e7706b12055770174	
8514	4837	2012-02-08T00:19:20.000Z	rafaelfranca	2	9160459	75ffd8701d04d943eddcafee08e19b90bce8936c	
8514	4837	2012-02-11T01:49:56.000Z	joelhoffman	2	9370168	e0cba3a0fab28f96dc9b5d3a714886583873a7d3	
8514	5307	2012-03-07T14:12:23.000Z	chrisgibson	2	10901774	bbdb54ad153673a2733e109709f666bede1c61ac	
8514	5308	2012-03-07T14:12:23.000Z	chrisgibson	2	10901776	bbdb54ad153673a2733e109709f666bede1c61ac	
8514	5330	2012-03-09T02:58:43.000Z	rafaelfranca	2	11048158	d523504c2f18e459e21a8cfa019ef0620db61b79	
1795273	55	2012-03-13T03:53:25.000Z	guilleiguaran	2	11252381	64d7878bc8aacf236f3b4e36f0a07d5955a76230	
460078	784	2012-03-20T20:06:01.000Z	vojtajina	2	11738650	a4fe51da3ba0dc297ecd389e230d6664f250c9a6	
460078	807	2012-03-20T20:06:01.000Z	vojtajina	2	11738648	64fb1f262028679b7eb1760bb38f9b1e4003d8e7	
8514	5667	2012-03-30T16:44:10.000Z	amutz	2	12454608	86aefdb4f2b957acc6d6c7eef557dff6a3888803	
460078	869	2012-04-12T00:30:10.000Z	igorminar	2	13223609	93d62860e988a09fb64e594f50f6cd55a1fc5748	
460078	877	2012-04-20T19:31:28.000Z	igorminar	2	13849323	eafe15f54c686d5c83f777fd319f4c568e209432	
8514	5847	2012-04-26T14:17:16.000Z	avakhov	2	14226717	8cd14c0bc9f9429f03d1181912355d2f48b98157	
8514	3886	2012-04-29T20:17:37.000Z	carlosantoniodasilva	2	14403629	978598b6da75aa5b1b4d0b95b08596e2c609a94e	
8514	2973	2012-04-30T07:33:53.000Z	nfm	2	14418741	aa89bf78a209e5901d4417625048922b81d9eef1	
8514	4979	2012-05-01T20:07:46.000Z	bploetz	2	14541342	7d2df5fa62da393e429393ccd161d237117932fd	
8514	2510	2012-05-02T23:13:52.000Z	andhapp	2	14644286	56030506563352944fed12a6bb4793bb2462094b	
8514	6147	2012-05-06T02:55:04.000Z	erichmenge	2	14845401	bad119cae5ff6f3d27d82b9bdc9fc3cf4f67d271	
8514	5908	2012-05-13T04:26:41.000Z	guilleiguaran	2	15348966	a8cfaed3389de8c12ad8c8e363df13bd93354ab4	
8514	6272	2012-05-16T19:44:18.000Z	lest	2	15628340	4025efb53bc64e9b4c5b32bf7a68ef2632ffd888	
8514	6417	2012-05-22T04:31:54.000Z	avakhov	2	15955091	1447aca70f231f07eedee9572bd45da6a175262b	
460078	912	2012-05-22T21:22:12.000Z	igorminar	2	16029778	1d388676e3b97b6171fc498e82545bd437ee6fd1	
460078	979	2012-05-23T23:37:50.000Z	igorminar	2	16136402	989446eceee697b15ecb5df1f491dfbcff352256	
8514	5847	2012-05-29T16:09:40.000Z	martinploeger	2	16476888	9fa3926e4fd1c3c24a9ecc613b98cde6609f2975	
8514	5797	2012-05-30T18:39:23.000Z	schneems	2	16588781	1b075220ef59bbee59bb768acbc0d92e59ca38d6	
8514	6573	2012-06-01T14:21:55.000Z	nbibler	2	16751094	652500229747169615bb7db94d2b6ee46e424e7d	
8514	6591	2012-06-04T12:05:52.000Z	brunoadacosta	2	16875596	2186540f9160b47e075b9926d12d3a6843e95d31	
8514	6635	2012-06-10T17:05:15.000Z	ganeshkumar	2	17358072	4da1af7fc15c6508d327d205e3de3f8ef248da8f	
8514	2553	2012-06-10T20:51:36.000Z	frodsan	2	17363430	6cc5e9aa81870a8a4ef1582b34abfb4deff7d115	
460078	1037	2012-06-12T07:31:13.000Z	igorminar	2	17478527	74fa65ecb7c4e2df966a179952b35700912e065f	
460078	1037	2012-06-13T18:02:39.000Z	igorminar	2	17631887	0f44964e5e0f7e37d7fa3216bb10fd61fbf52ae2	
460078	1051	2012-06-15T21:21:54.000Z	btford	2	17852426	6593a3e0823f3c08079f05010f9628fc4503cd43	
8514	5990	2012-06-19T23:53:27.000Z	rafaelfranca	2	18119654	1f98493e4a3c53e53666ff740860b20dcd6d08ec	
8514	6400	2012-06-20T14:27:02.000Z	shaynekang	2	18172851	1bb2f5a8316c3e94b47b9cfb8fa519e1b1238869	
8514	6825	2012-06-27T18:16:19.000Z	masarakki	2	18761351	2076efed1ca4b5df3a7101c9a478d6149bb53297	
8514	3165	2012-08-23T18:51:38.000Z	frodsan	2	23260424	7bf9db529e69cd3cbcedddc0f9af752b0480d13c	
460078	736	2012-09-06T23:08:04.000Z	mhevery	2	24129618	fbdab513dd48f667ad857030cf4b3481ecdd9097	
460078	875	2012-09-06T23:08:04.000Z	mhevery	2	24129621	10e1c759f4602d993a76b0eacf6a2d04c8880017	
460078	933	2012-09-06T23:08:04.000Z	mhevery	2	24129617	f2b7fffdc0b0ad80cebb24f5fea743e9e4a439d5	
460078	988	2012-09-06T23:08:04.000Z	mhevery	2	24129616	42c38b29f7dcb3327fe58e630b8e2973676989e0	
460078	1016	2012-09-06T23:08:04.000Z	mhevery	2	24129619	cebd015f78c5e21bd37d4bc055dbcdc21dac2ef2	
460078	1076	2012-09-06T23:08:04.000Z	mhevery	2	24129620	6c67719dfa6ff3f2a15a8e1e7660cf2e6e9155b0	
460078	1095	2012-09-12T06:12:01.000Z	mhevery	2	24436417	209b67df6a49fe1646ce63c5e7d11ed26e8abbc1	
8514	2800	2012-09-13T01:36:22.000Z	frodsan	2	24518390	ceb05bd1b2f083c252980d4820346bc986c83e39	
8514	3386	2012-09-26T20:57:17.000Z	cczona	2	25498757	15d475a63b0beec2e1e735d49103e642ea54dc78	
460078	1469	2012-10-26T15:51:36.000Z	mhevery	2	27892808	bca1604c12262b66ce3b8004994fb4841fb8b87d	
460078	1020	2012-10-31T20:58:28.000Z	igorminar	2	28265434	249a1d84e7ac3b8528d317b8b0a80acb5dd9a271	
8514	2468	2012-11-13T16:06:43.000Z	kennyj	2	29405372	e85cb2d3bb95ae5cf2f524ffc6828fd40723c83e	
8514	8130	2012-11-13T16:06:43.000Z	kennyj	2	29405371	4d61d1f8f58f7db6f2bffee52cc2debc66ba7657	
460078	1004	2012-11-26T22:47:42.000Z	igorminar	2	30446664	3a75b1124d062f64093a90b26630938558909e8d	
460078	1096	2012-11-26T23:05:37.000Z	igorminar	2	30448473	fce100a46c5681562253c3a856d67bbd35fbc2f2	
460078	1403	2012-11-30T22:03:10.000Z	pkozlowski-opensource	2	30889060	8991680d8ab632dda60cd70c780868c803c74509	
460078	1452	2012-12-01T17:43:03.000Z	pkozlowski-opensource	2	30922052	2c405f417125c80c387a51baece8bf6e1e0c0a81	
460078	1516	2012-12-06T20:29:33.000Z	pkozlowski-opensource	2	31393009	f8b755982a3f110e1badb2326c0268f5adf767ad	
460078	1243	2012-12-09T16:17:52.000Z	pkozlowski-opensource	2	31573324	c398d7d3709333c4a228d955b5ee8cbcf4386468	
460078	1501	2012-12-14T00:15:29.000Z	igorminar	2	32066713	30a9da5dc159dd1e19b677914356925c7ebdf632	
460078	1035	2012-12-18T21:58:27.000Z	pkozlowski-opensource	2	32444199	e03182f018f5069acd5e883ce2e9349b83f2d03f	
460078	653	2012-12-19T19:14:16.000Z	pkozlowski-opensource	2	32541566	9e96d983451899ef0cef3e68395c8f6c1ef83bbe	
460078	1245	2012-12-20T19:41:08.000Z	pkozlowski-opensource	2	32657814	f0c6ebc07653f6267acec898ccef5677884e3081	
460078	1693	2013-01-03T19:50:13.000Z	pkozlowski-opensource	2	33345804	74db36ee94addab519a7198bd987b44228309d59	
460078	1799	2013-01-13T10:08:34.000Z	petebacondarwin	2	34223465	c0cb9f8c14def36cc894fad4146b599531163f61	
460078	908	2013-01-18T07:09:16.000Z	mhevery	2	34807519	a179a9a96eda5c566bda8a70ac8a75822c936a68	
460078	1621	2013-01-18T08:03:51.000Z	igorminar	2	34810575	a26234f7183013e2fcc9b35377e181ad96dc9917	
460078	1261	2013-02-07T09:33:06.000Z	igorminar	2	37025046	b001c8ece5472626bf49cf82753e8ac1aafd2513	
460078	1532	2013-02-07T09:33:06.000Z	igorminar	2	37025047	b001c8ece5472626bf49cf82753e8ac1aafd2513	
460078	1191	2013-02-07T10:37:08.000Z	igorminar	2	37031056	7090924515214752b919b0c5630b3ea5e7c77223	
460078	1074	2013-02-15T03:55:56.000Z	igorminar	2	37954331	0af172040e03811c59d01682968241e3df226774	
460078	1637	2013-02-19T04:28:22.000Z	igorminar	2	38330432	5f5d4feadbfa9d8ecc8150041dfd2bca2b2e9fea	
460078	909	2013-02-25T22:31:48.000Z	igorminar	2	39180828	ac899d0da59157fa1c6429510791b6c3103d9401	
460078	1435	2013-02-25T22:31:48.000Z	igorminar	2	39180829	ac899d0da59157fa1c6429510791b6c3103d9401	
460078	1467	2013-02-26T07:56:08.000Z	igorminar	2	39227119	639786083151ff93d70d31332bad143483140de0	
460078	199	2013-03-06T07:03:18.000Z	igorminar	2	40330625	79b51d5b578927bd510123c81953e7cc8c72f211	
460078	2112	2013-03-16T04:20:23.000Z	mhevery	2	41768489	3a81dd8bddbade81c4c9f734813458d0d969a4bf	
8514	10125	2013-04-10T04:23:01.000Z	steveklabnik	2	44638729	8cf88cc75ad0289f39fc2272c372f945b3934e76	
460078	1437	2013-04-16T21:49:53.000Z	vojtajina	2	45443869	12b6deb1ce99df64e2fc91a06bf05cd7f4a3a475	
460078	1462	2013-04-17T20:20:48.000Z	petebacondarwin	2	45606340	363e4cbf649de4c5206f1904ee76f89301ceaab0	
460078	1811	2013-04-29T17:28:28.000Z	petebacondarwin	2	47003751	06f2b2a8cf7e8216ad9ef05f73426271c2d97faa	
8514	7191	2013-04-30T23:15:45.000Z	tenderlove	2	47208515	ebd7cc6f459e43aa03a6b8095266888909e0ee4d	
460078	1826	2013-05-07T20:29:42.000Z	petebacondarwin	2	47984598	4622af3f075204e2d5ab33d5bd002074f2d940c9	
460078	1918	2013-05-08T09:04:35.000Z	petebacondarwin	2	48049574	cf4729faa3e6e0a5178e2064a6f3cfd345686554	
460078	2219	2013-07-03T22:53:08.000Z	petebacondarwin	2	55195778	fc8c9baa399c33956133cdb6892fc7007430d299	
460078	2890	2013-07-11T20:14:02.000Z	pkozlowski-opensource	2	56188753	a83ed0e6c373695f02ecd126f400a0ca1840b7d2	
460078	2685	2013-07-14T05:24:42.000Z	igorminar	2	56423487	724819e3cfd8aeda1f724fb527db2b57494be9b7	
460078	1277	2013-07-18T17:25:40.000Z	pkozlowski-opensource	2	57115657	2bb27d4998805fd89db25192f53d26d259ae615f	
460078	1417	2013-07-24T17:38:19.000Z	igorminar	2	57899429	dca23173e25a32cb740245ca7f7b01a84805f43f	
460078	2787	2013-07-24T21:22:33.000Z	igorminar	2	57940715	47a2a9829f0a847bbee61cd142c43000d73ea98b	
460078	1827	2013-07-31T23:22:30.000Z	chirayuk	2	58938809	61906d3517428b6d52d3284b8d26d1a46e01dad7	
460078	3482	2013-08-09T04:53:57.000Z	igorminar	2	60133063	5c560117425e7b3f7270389274476e843d6f69ec	
460078	3493	2013-08-09T04:53:57.000Z	igorminar	2	60133062	5c560117425e7b3f7270389274476e843d6f69ec	
460078	3473	2013-08-09T06:30:20.000Z	igorminar	2	60138816	f80730f497cb1ecb78a814f01df79b69223ad633	
460078	2048	2013-08-09T16:03:25.000Z	igorminar	2	60211384	a207665dad69248139b150cd3fe8ba13059bffb4	
460078	3503	2013-08-15T22:16:08.000Z	vojtajina	2	61081764	3a65822023119b71deab5e298c7ef2de204caa13	
460078	2797	2013-08-15T22:50:54.000Z	vojtajina	2	61086699	3bc4e7fd20372c0cad8298bff019b32681b16026	
460078	3633	2013-08-21T08:38:57.000Z	igorminar	2	61765373	637c9b1611c5a75a42048ee1c591521c7031751a	
460078	3587	2013-08-23T21:04:42.000Z	mhevery	2	62275465	7c605ddf1c57c9f162827713ca5b0fbb12de5fa5	
460078	3613	2013-08-23T21:04:42.000Z	mhevery	2	62275464	ee2f3d21da6c9fccfe1e6a4ea8a65627519c8bf2	
460078	4028	2013-09-26T18:20:08.000Z	mhevery	2	67414237	0a63adce687d28ada90ea930d5e69883cc11cba5	
460078	4170	2013-09-26T21:09:59.000Z	petebacondarwin	2	67449443	147c6929a264a7b077a5f2cfc5aa9a0b9513acd7	
460078	1705	2013-09-28T00:05:21.000Z	btford	2	67666215	4ff1a65031e985bf930f6761c1ecf46e4db98d6e	
460078	3950	2013-09-30T16:06:28.000Z	matsko	2	67868660	448bd14445e7f8a8aabaa555d43bbf7dff50d58d	
460078	4036	2013-10-01T09:26:54.000Z	petebacondarwin	2	68025650	4033cf28142664c52aa7b4bc95340ac913397ac8	
460078	3548	2013-10-02T18:11:01.000Z	btford	2	68344088	10cc1a42c925749f88433546d41d35ba07a88e6f	
460078	2594	2013-10-07T23:48:06.000Z	vojtajina	2	69104331	b56b21a898b3c77589a48a290271f9dc181dafe8	
460078	3490	2013-10-07T23:48:06.000Z	vojtajina	2	69104329	b56b21a898b3c77589a48a290271f9dc181dafe8	
460078	3104	2013-10-09T22:19:38.000Z	vojtajina	2	69545883	9efa46ae640cde17487c341daa9a75c0bd79da02	
460078	3215	2013-10-11T00:35:55.000Z	mhevery	2	69786444	cc5846073e57ef190182026d7e5a8e2770d9b770	
460078	4011	2013-10-11T00:35:55.000Z	mhevery	2	69786445	b1e604e38ceec1714174fb54cc91590a7fe99a92	
460078	4124	2013-10-11T00:35:55.000Z	mhevery	2	69786446	b1e604e38ceec1714174fb54cc91590a7fe99a92	
460078	4362	2013-10-23T17:31:00.000Z	mhevery	2	71888524	3f568b22f9bec09192588e3cae937db5c2e757f9	
460078	4680	2013-11-13T06:41:17.000Z	jeffbcross	2	75638882	f925e8caa6c51a7d45ca9ead30601ec2e9d4464c	
460078	4521	2013-11-21T17:53:10.000Z	btford	2	77387356	6288cf5ca471b0615a026fdb4db3ba242c9d8f88	
460078	4436	2013-11-26T20:42:34.000Z	igorminar	2	78282858	68ceb17272bdd2ebc838565070973d93704f4427	
460078	4587	2013-11-26T20:42:34.000Z	igorminar	2	78282859	68ceb17272bdd2ebc838565070973d93704f4427	
460078	5323	2013-12-18T20:28:45.000Z	tbosch	2	82419530	3dc18037e8db8766641a4d39f0fee96077db1fcb	
8514	12261	2013-12-23T18:31:18.000Z	carlosantoniodasilva	2	83122278	73bba4c1e1f7fa23aa1a126971338d94ae42398f	
460078	5118	2014-01-03T05:32:59.000Z	igorminar	2	84063975	cf686285c22d528440e173fdb65ad1052d96df3c	
8514	6403	2014-01-05T17:17:29.000Z	pixeltrix	2	84308495	7a085dac2a2820856cbe6c2ca8c69779ac766a97	
460078	1356	2014-01-09T18:12:22.000Z	tbosch	2	85252283	28fc80bba0107075ab371fd0a7634a38891626b2	
460078	5602	2014-01-10T17:50:51.000Z	jeffbcross	2	85505043	8ace8073fd1ad2fab8291246fe262d11b8c0f211	
460078	2622	2014-01-13T17:59:54.000Z	jeffbcross	2	85860395	2cd09c9f0e7766bcd191662841b7b1ffc3b6dc3f	
460078	5811	2014-01-17T20:53:17.000Z	caitp	2	87026718	2262ca66978cb055013703e2c2b8f0f5cf20ac05	
460078	5838	2014-01-22T00:27:03.000Z	caitp	2	87733453	f09b6aa5b58c090e3b8f8811fb7735e38d4b7623	
460078	5677	2014-02-01T00:53:11.000Z	igorminar	2	90099869	ef210e5e119db4f5bfc9d2428b19f9b335c4f976	
460078	6080	2014-02-04T15:53:50.000Z	caitp	2	90669790	d2e4e499862aeca157dbe7a7422c465e7c79205e	
460078	6287	2014-02-26T23:37:49.000Z	ashleygwilliams	2	97226640	794e5e6098110d675d08058eacd35978b91887e9	
460078	2387	2014-03-06T10:19:50.000Z	igorminar	2	99430934	0609453e1f9ae074f8d786df903096a6eadb6aa0	
460078	6289	2014-03-07T18:06:29.000Z	btford	2	100010883	53ec5e13e5955830b6751019eef232bd2125c0b6	
460078	6535	2014-03-13T23:31:28.000Z	igorminar	2	101882575	cea44b3e861e070a857f7a962ed600ace3678798	
460078	5587	2014-03-18T12:02:35.000Z	petebacondarwin	2	102975356	748a6c8d9d8d61c3ee18eec462abe8ff245d6a98	
460078	5017	2014-03-19T04:31:06.000Z	igorminar	2	103303568	0c65f1ae3e86cd3eed078df4e691402d591cc757	
460078	4605	2014-03-19T18:34:36.000Z	jeffbcross	2	103564479	fb6062fb9d83545730b993e94ac7482ffd43a62c	
460078	1285	2014-04-04T13:49:45.000Z	petebacondarwin	2	108720094	dbe381f29fc72490f8e3a5328d5c487b185fe652	
460078	6626	2014-05-14T21:17:43.000Z	tbosch	2	121218856	5a568b4f960cc5381b3911e3a6423aff2ff7f7f9	
460078	7240	2014-05-29T19:58:49.000Z	vojtajina	2	126149531	1fef5fe8230e8dc53f2c9f3f510a35cf18eeab43	
460078	1809	2014-05-29T19:58:50.000Z	vojtajina	2	126149533	d414b787173643362c0c513a1929d8e715ca340e	
460078	7717	2014-06-12T17:28:43.000Z	jeffbcross	2	130832605	dd1d189ee785a37fe1d9bddf3818152db6aa210a	
460078	4107	2014-06-14T16:28:38.000Z	petebacondarwin	2	131434388	d7bfda61bff49754f3b826a540a1235ceb9650cc	
460078	3767	2014-06-30T09:41:56.000Z	petebacondarwin	2	136429047	b59b04f98a0b59eead53f6a53391ce1bbcbe9b57	
460078	4996	2014-06-30T09:41:56.000Z	petebacondarwin	2	136429048	b59b04f98a0b59eead53f6a53391ce1bbcbe9b57	
460078	6675	2014-07-15T12:41:06.000Z	petebacondarwin	2	141668348	92bceb5c5b6e4a5a8fee01e1e0dfcf4674858cf2	
460078	8276	2014-07-22T17:32:26.000Z	btford	2	144283694	c4c83ef75606cb06af53b6415fceb1f486e4c43e	
460078	2755	2014-07-23T19:39:26.000Z	btford	2	144822410	469ea3384ad48ca4765af807c0f41201edb527f9	
460078	7715	2014-07-30T22:14:34.000Z	ealtenho	2	147462477	c306d251f49ea7de42f6616571cddbaf0db890bc	
460078	7855	2014-07-30T22:14:34.000Z	ealtenho	2	147462481	c306d251f49ea7de42f6616571cddbaf0db890bc	
8514	3	2014-08-12T10:11:57.000Z	seuros	2	151792038	12705fa56894ca47de375d90e1003eb187eb7087	
460078	3860	2014-08-19T04:51:45.000Z	igorminar	2	154298658	77d3e7544642396d868aa49b85f0c027e8057bd7	
460078	654	2014-08-28T19:35:00.000Z	btford	2	158632847	46343c603db6192daf5303b92eb664749326c7e6	
460078	8763	2014-08-29T11:06:25.000Z	lgalfaso	2	158919050	7a36d4953316a1833bcd787c5763d0cc78eb0b1e	
460078	7054	2014-09-04T16:55:58.000Z	jeffbcross	2	161309840	adb5c6d6cc76b928436743707727ab0974d6810b	
460078	8290	2014-09-09T20:48:38.000Z	tbosch	2	163306436	3c538c1d21c43422c7b4cd9b69cb67981bce2b87	
460078	7212	2014-09-15T19:28:55.000Z	petebacondarwin	2	165670745	cfdd16157eaac0e29d83d7ce38ec7adcb172621b	
337788	128	2014-09-16T14:19:07.000Z	tamird	2	166067592	fb7532795b060fe409cbb731895ef8bd9a6449d8	
460078	8948	2014-09-19T18:37:56.000Z	petebacondarwin	2	167872091	373d7c95d9042123204c07c74be5815b2fc09318	
21399598	4	2014-09-29T20:49:26.000Z	ajoslin	2	171733231	f581512c1d50b2d72c1800d1f9f41e4af0492214	
460078	7909	2014-10-09T21:20:56.000Z	igorminar	2	176606561	257a3f35dc3f1ec9bf6d819081b0e1dfa2b1a717	
1343653	134	2014-10-17T10:31:50.000Z	petebacondarwin	2	179943248	466df11daf376bf8f6e2029f0416f73f337eb2da	
8514	15912	2014-10-18T20:04:22.000Z	zzak	2	180437522	642794a3f24a00ad21ad7a5cd2e374a9cef2c82c	
460078	9666	2014-10-19T10:23:33.000Z	petebacondarwin	2	180499227	bf9e7bfb5a26f5f463f145e8a0fcce7835ce6877	
460078	9592	2014-10-29T18:38:08.000Z	jeffbcross	2	185507887	4b4098bfcae64f69c70a22393de1f3d9a0d3dc46	
21399598	473	2014-11-06T02:29:14.000Z	ajoslin	2	189080700	e7a3bd8d03306593dbee292db85ed8147ae934eb	
21399598	474	2014-11-06T02:29:14.000Z	ajoslin	2	189080701	e7a3bd8d03306593dbee292db85ed8147ae934eb	
460078	9607	2014-11-15T23:25:43.000Z	petebacondarwin	2	193821621	a9352c19ce33f0393d6581547c7ea8dfc2a8b78f	
460078	10004	2014-11-18T22:50:29.000Z	lgalfaso	2	195194148	2b41a5868aee79e3872ad92db66e30959207d98e	
460078	9515	2014-11-19T18:56:42.000Z	pkozlowski-opensource	2	195703532	bb16759f0bfe50f9b72ed3f2b5e0bf43c3a63080	
460078	10038	2014-11-19T19:08:58.000Z	narretz	2	195710615	e8941c0fe5217d2e705bad8253dc0162aff4c709	
460078	9995	2014-11-22T15:12:55.000Z	ajohnston256	2	197202683	5c1fdff691b9367d73f72f6a0298cb6a6e259f35	
460078	5164	2014-11-23T15:55:49.000Z	petebacondarwin	2	197327739	8692f87a4689fa0dd3640f4dcab5c6b6f960489b	
8514	17684	2014-11-25T02:28:36.000Z	rafaelfranca	2	198015539	4f8eb78b1a6f74504e7f19256007e29ad7c345fd	
460078	10428	2014-12-16T21:40:47.000Z	lgalfaso	2	208593133	fb2c58589758744c0eef8c2ead3dbcf27a5cf200	
8514	18011	2014-12-30T22:15:58.000Z	yahonda	2	212996310	6818c2c64db07ed52ea330d7dfc1d8da4f595b3d	
460078	10207	2015-01-02T11:53:49.000Z	lgalfaso	2	213416341	c66b4b6a133f7215d50c23db516986cfc1f0a985	
21399598	1057	2015-01-08T15:33:53.000Z	ajoslin	2	215957186	b85ad6296f49be7fa5ce95cbbbec49d650912e46	
460078	10855	2015-01-27T10:32:18.000Z	petebacondarwin	2	225253342	1735d5e8d55466b1e010baba0e90742e0be5148c	
21399598	1413	2015-02-10T04:38:52.000Z	marcysutton	2	232972067	c6d99a88e49c0abbc1b35988a2b044db9b904bd2	
460078	638	2015-02-18T09:55:23.000Z	petebacondarwin	2	237544325	da9eac8660343b1cd9fdcf9d2d1bda06067142d7	
21399598	1492	2015-02-19T05:16:28.000Z	thomasburleson	2	238172421	42cff135320727b3615c3cd00300c923112e142d	
16757508	103	2015-02-20T10:19:50.000Z	marcin-wosinek	2	239019584	6dd05b21e4a9685c64e2bbbf4b7099218f174b8c	
460078	11169	2015-03-09T14:48:23.000Z	petebacondarwin	2	248572031	fb7db4a07bd1b0b67824d3808fe315419b272689	
21399598	1842	2015-03-11T23:49:29.000Z	thomasburleson	2	250547173	81bcf7fd15fd76f054814b34d8a877168fc6225c	
460078	11109	2015-03-17T13:42:02.000Z	petebacondarwin	2	256877725	170ff9a37dea8772dda7c89e84176ac1a8992878	
460078	11447	2015-03-30T22:14:54.000Z	petebacondarwin	2	268979088	171b9f7f2339ef9047b8526b2c3f36bb58d14feb	
460078	9897	2015-04-02T20:47:40.000Z	petebacondarwin	2	272095537	d996305b4470f80fbb1cbddf54b7d10ffbb6ab47	
21399598	1450	2015-04-08T21:15:50.000Z	rschmukler	2	276636643	0df4b16eca2c8af9805615da646d38db04a33d7f	
21399598	142	2015-04-10T19:49:45.000Z	marcysutton	2	278430413	dfb4d1abd9ed82cb2b68980ae580f3a434ff3f1c	
21399598	1242	2015-04-19T18:20:25.000Z	thomasburleson	2	284761915	8410c0d6c46def09674a09a052e8503d85577085	
460078	11187	2015-04-27T20:37:30.000Z	narretz	2	291316542	6c632d9cb05d55be5b56f876aabe348821d87145	
460078	11779	2015-05-01T14:04:42.000Z	caitp	2	294929664	40e00cdf34883219389ed1a84f0d54b37a71d7a9	
8514	20299	2015-05-30T07:45:16.000Z	chancancode	2	317814417	6fc83f8efeb1637af5d17b0d7b0c4b2e3db3c001	
460078	11627	2015-06-01T09:37:19.000Z	lgalfaso	2	318586924	a6339d30d1379689da5eec9647a953f64821f8b0	
16757508	116	2015-06-21T00:27:45.000Z	petebacondarwin	2	336036424	81944685b25c656c1fb66b12f3d028f09f6fd52b	
460078	12287	2015-07-10T20:56:17.000Z	lgalfaso	2	353315533	9ea52d818bcd2fb3ea8ccc85bf47f9fd5af68843	
460078	12266	2015-07-17T18:27:17.000Z	matsko	2	358777742	21d6db382d8f3540fb0bb7280570fba8d88d9843	
460078	12144	2015-07-29T16:04:42.000Z	petebacondarwin	2	368501976	533d9b76704368ba9700ab08589118abca9f598c	
460078	12259	2015-07-29T16:04:42.000Z	petebacondarwin	2	368501977	533d9b76704368ba9700ab08589118abca9f598c	
460078	12513	2015-08-06T20:31:18.000Z	lgalfaso	2	375720069	4c92a3ccc7dacfd4bf8144b96c4cbb0c1a324b16	
8514	20510	2015-08-06T20:36:33.000Z	rafaelfranca	2	375724832	38f28f77049e7160491b71167471a2175253b742	
460078	12249	2015-08-12T19:01:06.000Z	matsko	2	380670302	92e41ac904b7d16e96fd31a49ac2ae15d606a665	
8514	21223	2015-08-24T12:49:07.000Z	sgrif	2	390489757	19b168e611fb8fb547981c4535130c29856efd3a	
8514	21383	2015-08-27T12:17:39.000Z	senny	2	393945380	0258ef33a5b89a25ddc5b091ba03142578a6777b	
21399598	4377	2015-08-31T18:10:28.000Z	thomasburleson	2	396944667	303ab0dc0e695f04576db452f0c6f43e87da4317	
460078	12537	2015-09-08T12:54:16.000Z	petebacondarwin	2	403585502	80a2176e2095eaf441c43c221391093631d34031	
460078	11728	2015-09-20T14:42:18.000Z	lgalfaso	2	414178344	79577c5d316c7bf0204d7d1747ddc5b15bfe2955	
460078	11685	2015-10-06T12:43:39.000Z	petebacondarwin	2	427900147	2fcfd75a142200e1a4b1b7ed4fb588e3befcbd57	
21399598	2406	2015-10-14T19:25:43.000Z	thomasburleson	2	435614584	f62f6934c02f4c994f3e9a9157cc0de351dd8c79	
460078	4751	2015-10-25T14:54:21.000Z	petebacondarwin	2	444871659	2c8d87e064dca99a49ed35d1db885b1f2e40dcf4	
460078	8000	2015-10-25T14:54:21.000Z	petebacondarwin	2	444871657	2c8d87e064dca99a49ed35d1db885b1f2e40dcf4	
460078	10272	2015-10-25T14:54:21.000Z	petebacondarwin	2	444871660	2c8d87e064dca99a49ed35d1db885b1f2e40dcf4	
460078	13049	2015-10-26T20:03:56.000Z	matsko	2	446002944	4038aabffa0a85639032e7f9330a3f8dee6d514f	
460078	10890	2015-10-28T22:26:49.000Z	petebacondarwin	2	448636471	4fc734665e5dddef26ed30a9d4f75632cd269481	
460078	12675	2015-10-28T22:26:49.000Z	petebacondarwin	2	448636470	4fc734665e5dddef26ed30a9d4f75632cd269481	
21399598	4950	2015-11-04T12:39:58.000Z	mhchen	2	454413524	821d1a34d157cbd5d40b28dfcb5cee06f59362be	
21399598	4482	2015-11-05T23:41:11.000Z	thomasburleson	2	456376976	e5fa785da221475a65f99ecadf515fd97320ea8e	
460078	12365	2015-11-10T12:23:10.000Z	narretz	2	460020494	b837fc3116e697aaf18977867a5defd9541f7f8c	
460078	11343	2015-11-10T20:31:43.000Z	petebacondarwin	2	460566033	1c13a4f45ddc86805a96576b75c969ad577b6274	
460078	12936	2015-11-10T20:31:43.000Z	petebacondarwin	2	460566031	1a98c0ee346b718b9462da1abf4352a4605cbc7f	
460078	13021	2015-11-10T20:31:43.000Z	petebacondarwin	2	460566036	50557a6cd329e8438fb5694d11e8a7d018142afe	
7639232	1013	2015-11-16T21:56:22.000Z	sjelin	2	465995782	7015010188dfb70c1e49e4f2eae19d5ba1126b34	
460078	12656	2015-12-09T21:48:00.000Z	matsko	2	487471006	de9777d8193531472df4b57fdeb6650d7f7c1846	
21399598	6274	2015-12-14T21:28:52.000Z	rschmukler	2	491505684	dc8f388a8cb2abe1d49455ab28c96e2fa231a5ec	
460078	13005	2016-01-07T14:22:08.000Z	narretz	2	508278381	e1def1b8fe543fde09abda076d66606027f7dbeb	
460078	13179	2016-01-09T14:01:41.000Z	narretz	2	510203703	8b6360338dca4bb7d8656d556bd7fb209e5aae73	
7639232	2300	2016-01-14T22:43:25.000Z	sjelin	2	515583880	fb10c5caffb895e909ad91d629e2192c74c8e064	
21399598	6876	2016-01-28T20:12:11.000Z	thomasburleson	2	530286587	ae7d661eac8f06b2cb13363f4781c6d601b34e8b	
21399598	6511	2016-02-01T16:33:49.000Z	thomasburleson	2	534438182	1f997951b5d480d04ea7d356107837e279d6a271	
21399598	6970	2016-02-02T17:48:33.000Z	thomasburleson	2	536220039	b70234e38c96fdf893e6562569765143c456307b	
460078	13854	2016-02-03T14:02:35.000Z	petebacondarwin	2	537577971	4ac23c0ac59c269d65b7f78efec75d060121bd18	
460078	13900	2016-02-03T14:02:35.000Z	petebacondarwin	2	537577974	4ac23c0ac59c269d65b7f78efec75d060121bd18	
8514	23058	2016-02-11T00:04:55.000Z	tenderlove	2	546572393	03980b2a0e7797d8e24b9fb6ebd96693bc95b326	
460078	14006	2016-02-16T16:02:29.000Z	narretz	2	552227724	7c60e19eb895e2a168b26a0032368a2e0f93b492	
8514	23766	2016-02-23T00:22:37.000Z	rafaelfranca	2	560685748	97ed810cfc15725a0856227fa9f9eb26930f16c8	
8514	23844	2016-02-25T18:41:47.000Z	matthewd	2	566112878	0379da6abced76835368e7db5fe853571b055391	
8514	23710	2016-02-26T18:25:59.000Z	sikachu	2	567964608	c8915ec335887e07a967f2688d30c800b80ee256	
21399598	6965	2016-03-01T00:41:35.000Z	thomasburleson	2	572178782	8177ee95740d7ee302c31765cdd1e35450ae48e5	
460078	10238	2016-03-01T12:57:48.000Z	petebacondarwin	2	572986905	af0574ebaa1b13744bf1b1a0eea7f9d643ccb47c	
21399598	1221	2016-03-02T18:32:00.000Z	thomasburleson	2	575090236	e0abeb4dc46a1753616a911fe54f14d8f1148a25	
21399598	2421	2016-03-02T18:32:00.000Z	thomasburleson	2	575090235	e0abeb4dc46a1753616a911fe54f14d8f1148a25	
21399598	3259	2016-03-02T18:32:00.000Z	thomasburleson	2	575090234	e0abeb4dc46a1753616a911fe54f14d8f1148a25	
21399598	4576	2016-03-02T18:32:00.000Z	thomasburleson	2	575090237	e0abeb4dc46a1753616a911fe54f14d8f1148a25	
21399598	5872	2016-03-02T18:32:00.000Z	thomasburleson	2	575090241	e0abeb4dc46a1753616a911fe54f14d8f1148a25	
21399598	6996	2016-03-02T18:32:00.000Z	thomasburleson	2	575090238	e0abeb4dc46a1753616a911fe54f14d8f1148a25	
21399598	7093	2016-03-02T18:32:00.000Z	thomasburleson	2	575090239	e0abeb4dc46a1753616a911fe54f14d8f1148a25	
21399598	6815	2016-03-09T19:33:09.000Z	thomasburleson	2	583808839	3177e6668483633e4f0b653647aacf725b00e7d3	
21399598	5930	2016-03-10T16:13:08.000Z	thomasburleson	2	585109181	6bc38e593c8dbb7ea4cf97711bd4e0b2c4610d56	
21399598	7879	2016-04-05T19:36:58.000Z	thomasburleson	2	615715147	59dfce63f701990a2df54b7b406b60f418c5a07f	
21399598	8043	2016-04-15T14:42:11.000Z	thomasburleson	2	629019543	61b742ef353f355e30e014114e7b22c9986d149b	
21399598	8044	2016-04-15T14:42:11.000Z	thomasburleson	2	629019544	61b742ef353f355e30e014114e7b22c9986d149b	
8514	24359	2016-04-24T21:58:51.000Z	jeremy	2	639214728	edc2b7718725016e988089b5fb6d6fb9d6e16882	
7639232	3170	2016-04-29T17:08:17.000Z	cnishina	2	645955555	f149bd1e91e749a77e8ee147fdb3881584ae6851	
460078	12163	2016-05-06T12:52:06.000Z	narretz	2	652606933	938bd45626b6f29e8bc74cfe268ff2bf673f357e	
460078	14508	2016-05-06T14:07:46.000Z	narretz	2	652687781	81bf7ed73ee67f9eb997da869c52839449ca02b3	
7639232	3058	2016-05-14T02:03:46.000Z	mgiambalvo	2	660604398	a6cae73e2266a20751548047f0d3721a5bd73807	
7639232	3167	2016-05-14T02:03:46.000Z	mgiambalvo	2	660604397	a6cae73e2266a20751548047f0d3721a5bd73807	
7639232	3173	2016-05-14T02:03:46.000Z	mgiambalvo	2	660604396	a6cae73e2266a20751548047f0d3721a5bd73807	
21399598	8221	2016-05-25T00:32:23.000Z	thomasburleson	2	671122810	72ed02fe664990ab684cba97ec05aab7ede4888f	
21399598	7728	2016-05-30T22:03:27.000Z	thomasburleson	2	676367030	4aa7160ce6aa97a87c374ed1ac81a5267dcb8c6c	
21399598	8195	2016-05-30T22:03:27.000Z	thomasburleson	2	676367025	3b3fc39bfbbfc46442ff2cdb5d8061869d710b13	
21399598	4251	2016-06-01T16:05:34.000Z	thomasburleson	2	678643160	5615d06f60ac794ac75fb90ba0164b917e802bd5	
21399598	4650	2016-06-01T16:05:34.000Z	thomasburleson	2	678643161	5615d06f60ac794ac75fb90ba0164b917e802bd5	
21399598	8030	2016-06-01T16:05:34.000Z	thomasburleson	2	678643163	5615d06f60ac794ac75fb90ba0164b917e802bd5	
21399598	8547	2016-06-01T16:05:34.000Z	thomasburleson	2	678643162	5615d06f60ac794ac75fb90ba0164b917e802bd5	
21399598	8557	2016-06-01T16:05:34.000Z	thomasburleson	2	678643164	5615d06f60ac794ac75fb90ba0164b917e802bd5	
21399598	8110	2016-06-02T02:21:49.000Z	thomasburleson	2	679258320	560474f705af750022b5cb07a8102c6ad490aec3	
21399598	5919	2016-06-02T02:21:50.000Z	thomasburleson	2	679258323	ce076517b353902d7fa7c4e4d84ea99f5836a006	
21399598	7629	2016-06-02T20:42:53.000Z	thomasburleson	2	680367835	dce2feef6aae266f5167afff1317d23565339312	
21399598	8092	2016-06-02T20:42:53.000Z	thomasburleson	2	680367836	dce2feef6aae266f5167afff1317d23565339312	
7639232	3026	2016-06-02T20:52:48.000Z	cnishina	2	680380185	094ffa0381ba8e2e5482af6b2b5b8ba57862537b	
21399598	6531	2016-06-02T22:34:56.000Z	thomasburleson	2	680487546	9ce4f9ec4beaa8fe9a6a544e04f7e0d54ee65eb6	
21399598	7404	2016-06-03T15:42:01.000Z	thomasburleson	2	681302128	00f09f4ecaa957509048b049798ccbac8b931de1	
21399598	7456	2016-06-03T15:42:01.000Z	thomasburleson	2	681302127	00f09f4ecaa957509048b049798ccbac8b931de1	
21399598	8275	2016-06-03T15:42:01.000Z	thomasburleson	2	681302129	00f09f4ecaa957509048b049798ccbac8b931de1	
21399598	7403	2016-06-03T17:05:41.000Z	thomasburleson	2	681398131	437f764a009f0e627be75b94f8cf0a74df283fff	
21399598	8377	2016-06-03T22:24:44.000Z	thomasburleson	2	681727302	435088c0a002472a4ef989e9b478f8d140a89173	
21399598	2338	2016-06-04T20:42:38.000Z	thomasburleson	2	682015065	911ec7214289e1aaa03ae43745c584ce15e8ce0d	
21399598	4961	2016-06-08T22:31:39.000Z	thomasburleson	2	686562721	5c2a06f361e4dfc54e3ac9ea4250ecb94d20065e	
460078	5513	2016-06-09T21:00:29.000Z	narretz	2	687818879	97bbf86a1979d099802f0d631c17c54b87563b40	
460078	11859	2016-06-09T21:00:29.000Z	narretz	2	687818885	47724baffe050269385b3481e9a9cf4ab3944b4b	
460078	14539	2016-06-09T21:00:29.000Z	narretz	2	687818881	97bbf86a1979d099802f0d631c17c54b87563b40	
21399598	6802	2016-06-11T15:43:58.000Z	thomasburleson	2	689440692	3654d7244532421bb40fba1ef0f0cc44a6d6f19b	
460078	7337	2016-06-13T09:21:31.000Z	narretz	2	690163792	9f68b0e29dfab351736c622119e6f07e51bd71ee	
460078	13313	2016-06-16T12:10:58.000Z	narretz	2	694537714	2b182eb02059ab5ccabcedd8f705b61f645cdf2f	
7639232	3290	2016-06-21T23:59:31.000Z	cnishina	2	699825161	e9b49f24f34730e0648d262be1c410a7f585703a	
21399598	3820	2016-06-23T02:13:07.000Z	thomasburleson	2	701327658	4304e884ec46c06d6c06ab651d95182f8bf5c8f8	
21399598	5796	2016-06-23T02:13:07.000Z	thomasburleson	2	701327657	4304e884ec46c06d6c06ab651d95182f8bf5c8f8	
7639232	3303	2016-06-28T21:12:05.000Z	mgiambalvo	2	706952028	128f8e197e28601cc93228d917a0e37d4ab29a15	
7639232	3224	2016-06-28T21:30:59.000Z	mgiambalvo	2	706974267	ba63a92de021193c90794c54fefae39d806fba4a	
7639232	3233	2016-06-28T21:43:14.000Z	mgiambalvo	2	706988056	f311320a1aed09b07d926d0c2aa586202f591b5b	
21399598	5924	2016-07-14T21:00:13.000Z	thomasburleson	2	723586059	3d7224357850f4a1949d629e7043ce584110d334	
460078	14837	2016-07-18T13:56:02.000Z	petebacondarwin	2	726116765	5f6949fdae57b15340c1213cce379c6e6f8aff62	
21399598	8788	2016-07-24T17:47:14.000Z	thomasburleson	2	732849005	dadbcf21ff95764ddcc678a0821e1fa02beaf12d	
7639232	3398	2016-08-03T18:51:45.000Z	mgiambalvo	2	744280627	2e1979e8fd910418ce5029d33c174911e61511ec	
7639232	3431	2016-08-03T21:00:08.000Z	mgiambalvo	2	744444779	27f798117fc599ce369026ebbbf28b818bbbaac6	
21399598	9109	2016-08-21T17:53:01.000Z	thomasburleson	2	762338538	87c4b01a4e93cf5dfaeb7f6b965a4cf1c5d2d413	
21399598	9374	2016-08-23T17:35:17.000Z	jelbourn	2	764842907	6383b522e3c6c1e49c8ec902945e7cb641cc1127	
21399598	9340	2016-08-23T17:35:47.000Z	jelbourn	2	764843571	165d4e7a404deaa96284c72c972dc5a2550b0d34	
21399598	9315	2016-08-23T17:36:19.000Z	jelbourn	2	764844193	fce551d3d984e4414863bce2462e22e5e226ad53	
21399598	9352	2016-08-23T17:36:38.000Z	jelbourn	2	764844572	3cf220aaa7121399e97b8ea2ec99f4637f3d02dc	
21399598	8634	2016-08-23T17:37:23.000Z	jelbourn	2	764845501	218c3ec321345d0c6dec9a1a4075a11296472382	
21399598	9328	2016-08-23T17:39:20.000Z	jelbourn	2	764848051	cd40b7e6c7be2e83a99802f623ffb1c949b75b3c	
21399598	8147	2016-08-23T17:44:00.000Z	jelbourn	2	764854263	6cfb542313eb2b14e147c62bcf5d3744cf63522c	
21399598	9284	2016-08-23T17:45:46.000Z	jelbourn	2	764856719	412bc2c4bcb6173c2b97256348b7167c8fb04134	
21399598	9294	2016-08-23T17:53:42.000Z	jelbourn	2	764867525	30f6a74f270f8257530506f96cfdd98f6744b8bc	
21399598	9276	2016-08-23T17:54:03.000Z	jelbourn	2	764867975	f170133a30d4338c8dc84568180de33c0e95855e	
21399598	9271	2016-08-23T17:54:15.000Z	jelbourn	2	764868220	bcfe00a0a0a45c3e9b6a3b53bec8b903289bf916	
21399598	8673	2016-08-23T17:54:39.000Z	jelbourn	2	764868720	72f3b7d2491a656586ed8083016d4de31e265c9d	
21399598	9253	2016-08-23T17:54:54.000Z	jelbourn	2	764869072	215fae4b0d91b58f628c3397c880ae3329ade7e5	
21399598	9137	2016-08-23T17:55:19.000Z	jelbourn	2	764869643	4cfd4a1aa661a0edfe23dd0ff51d284721b53b44	
21399598	9159	2016-08-23T17:55:36.000Z	jelbourn	2	764870258	195966f042d9340ecd2de3bfb9c8808798b71fba	
21399598	8062	2016-08-23T17:56:05.000Z	jelbourn	2	764870980	57f2afdbd9f6bf0d759be9d26b78b01233e13dc7	
21399598	3364	2016-08-23T17:56:17.000Z	jelbourn	2	764871299	bbc6c07fa934f3d8487a18cea89de76768155754	
21399598	7956	2016-08-23T22:18:20.000Z	jelbourn	2	765208360	0f424db6e0aab2029852086a64703ee92cbdf254	
21399598	9269	2016-08-23T22:18:29.000Z	jelbourn	2	765208485	522d42817b9ea4afc5feeed9978167886785358f	
21399598	9373	2016-08-23T22:19:28.000Z	jelbourn	2	765209480	1d4631568decaf6a3db54cbdc63a91079bd780bc	
21399598	9356	2016-08-24T21:16:52.000Z	jelbourn	2	766620885	d230aec7ea0850a332982fd2d84555ef038c015a	
21399598	9357	2016-08-24T21:16:52.000Z	jelbourn	2	766620886	d230aec7ea0850a332982fd2d84555ef038c015a	
21399598	9339	2016-08-24T21:17:34.000Z	jelbourn	2	766621674	f265a0ed1389141ac74656e6837d4d3e096a65bb	
460078	8341	2016-08-26T16:37:19.000Z	narretz	2	769150835	e3a378e7a329f60f6b48517f83a4f4c9efecb056	
21399598	9407	2016-08-31T17:47:49.000Z	hansl	2	774019332	04124d82d7ef91fc6f44f01bd87a61e973e7a052	
21399598	9355	2016-08-31T17:51:32.000Z	hansl	2	774024019	d086e2b4732105c7c7987e27bc800b5e1c3f36b5	
21399598	9454	2016-08-31T20:01:02.000Z	hansl	2	774194136	4e302c2c5059062e80320a6536d4b71840d4c94a	
21399598	8448	2016-08-31T21:07:29.000Z	thomasburleson	2	774281709	14fa477decdf61fb33c48f54f7da4f88364055d1	
21399598	8936	2016-08-31T21:07:29.000Z	thomasburleson	2	774281710	14fa477decdf61fb33c48f54f7da4f88364055d1	
21399598	6676	2016-08-31T21:35:16.000Z	hansl	2	774316687	ae8997a238c473afec8974fd7dedceba21a6d346	
21399598	9066	2016-08-31T21:36:20.000Z	hansl	2	774317734	ef0c7149926f0a4eb2abcf1e7a09a1864563b929	
21399598	8965	2016-08-31T21:36:55.000Z	hansl	2	774318364	6dcecd57212d2b6d9f79079af54b9d1fa866fe5c	
21399598	2965	2016-08-31T21:37:30.000Z	hansl	2	774319001	0d2386c7b446707078572fd7acf2b1b8ada58099	
21399598	9354	2016-08-31T21:37:41.000Z	hansl	2	774319198	660826b1d7b8b4404947e11d8ace6c8bbe2db0c0	
21399598	8356	2016-08-31T21:40:33.000Z	hansl	2	774322643	9b9059aa2165291406b5f54231aa509a9db5804d	
21399598	9151	2016-09-01T17:53:43.000Z	hansl	2	775529428	3fc100454a1b21dd61f6df6f791fd34e37240144	
21399598	9349	2016-09-01T17:54:04.000Z	hansl	2	775529882	904b4552fa51e3f230c6c370d16d799ff2a44bfa	
21399598	9283	2016-09-01T18:48:35.000Z	hansl	2	775602789	e65ffc88608f3b05144562b66a9463b434db29d5	
21399598	9072	2016-09-08T00:11:14.000Z	kara	2	781713576	399016dc76ea347cf36a9d063bcc5b5894b80f55	
21399598	4492	2016-09-08T16:37:12.000Z	kara	2	782681264	0032184c2258b0918d9bd2fdc6389db0b96233a2	
21399598	9480	2016-09-08T16:38:23.000Z	kara	2	782683033	efb70317cd17117432af43a2c2ec3492c88a296d	
21399598	9465	2016-09-08T16:38:51.000Z	kara	2	782683678	8f529f172581a38350ef83e6147f04627dd82fc0	
21399598	8751	2016-09-08T18:32:26.000Z	kara	2	782854491	b114302717341638bb627792c197ec3c43e069ff	
21399598	9306	2016-09-08T18:32:26.000Z	kara	2	782854490	b114302717341638bb627792c197ec3c43e069ff	
7639232	3533	2016-09-08T21:48:28.000Z	mgiambalvo	2	783133102	d18bba3e288610dd606aac4b656581da0dc65491	
21399598	9486	2016-09-09T02:35:44.000Z	kara	2	783380226	1f14cc43c4dd9b66252c94e7bd40314bc018a995	
21399598	9509	2016-09-09T16:15:40.000Z	kara	2	784153982	9936185583afbc9bf56bde43281d9750be0caaa9	
21399598	9342	2016-09-09T16:16:04.000Z	kara	2	784154546	0592dfa058009dd0d1784444f5ab53fbe4d1489c	
21399598	9370	2016-09-09T16:53:30.000Z	kara	2	784206703	fc7e9b3fc87713c6fde3b82c0df358650ec9aafc	
21399598	9423	2016-09-09T17:41:54.000Z	kara	2	784270968	ad8201222fe5da471e5750845971d33570fda4bf	
21399598	7309	2016-09-09T18:31:36.000Z	kara	2	784340545	989f81eea1311845a96c11b5ec80067f339eaca4	
21399598	9507	2016-09-09T23:48:29.000Z	kara	2	784706229	be038d1c02c22ed78283c30caa63a74dc173be46	
21399598	9520	2016-09-10T01:29:17.000Z	kara	2	784748027	a3b3e7b037fb02acae5c1d979e8373d7e8c93dfd	
460078	15108	2016-09-15T10:11:33.000Z	narretz	2	790494400	76d3dafdeaf2f343d094b5a34ffb74adf64bb284	
8514	26441	2016-09-16T14:17:19.000Z	tgxworld	2	792176530	f62451a50b2c9119adce7acc53ce3dfffc4d41d5	
7639232	3564	2016-09-16T22:38:11.000Z	cnishina	2	792755987	5034c89242794dd14aba294ba3468937e06a7b69	
21399598	9608	2016-09-21T01:04:51.000Z	jelbourn	2	796583970	0896ba369b62e9ebb9dd6af774c1247d243627d2	
21399598	9557	2016-09-21T01:05:27.000Z	jelbourn	2	796584430	96e5409d93162f5cec55ba84778c6f0756cc9965	
21399598	9052	2016-09-21T01:06:30.000Z	jelbourn	2	796585085	5cdceeb47b9ad00f5c367d0c099387b83116b558	
21399598	9165	2016-09-21T01:06:40.000Z	jelbourn	2	796585192	1f32ccbe6088c944008b3297e8957a2beea4228e	
21399598	8624	2016-09-21T01:07:19.000Z	jelbourn	2	796585630	421fed47921973bff9a57b412841580f91db594c	
21399598	5345	2016-09-22T18:40:26.000Z	kara	2	799313656	c6fb5a5473806c158d6a8675d4948ba3f6b87740	
21399598	9501	2016-09-22T18:40:40.000Z	kara	2	799314116	c912e9dd964a3ed6e66ddf6bf4b532bd1dbb5dcd	
21399598	8683	2016-09-23T18:22:02.000Z	kara	2	800776578	d208ac5bfff6e0ffef0a8af79211515286f36b88	
21399598	9577	2016-09-23T18:42:56.000Z	kara	2	800802840	b5c412c99d771232d4481822ae90dc475f8ab70f	
21399598	9571	2016-09-26T12:16:24.000Z	thomasburleson	2	802180280	01a7a78e213d505bc2ecfbc5818cc5ff0ed0dcab	
21399598	9177	2016-09-26T18:07:09.000Z	hansl	2	802689059	bee04f3d2a9595eb582406025599dafb7aa4d722	
21399598	8971	2016-09-26T18:07:29.000Z	hansl	2	802689624	62df3c8463596ba7c2e8d57d02f2756c40127d11	
21399598	9628	2016-09-26T18:07:37.000Z	hansl	2	802689876	761493dd4e2b1ac166229a3f1a66e4653c6c8360	
1343653	204	2016-10-05T09:46:35.000Z	petebacondarwin	2	813002730	57dfe4be5c977a9c716439e43d5503bdca025fc2	
7639232	3619	2016-10-05T17:19:49.000Z	mgiambalvo	2	813604410	f36e981b41a41981ff1c8dc97f014bb6098d7e0b	
21399598	9561	2016-10-09T11:46:28.000Z	thomasburleson	2	817334455	f03c51399798b8c96c1cc1c0ac6c0e7c777779af	
21399598	8638	2016-10-09T12:00:33.000Z	thomasburleson	2	817337030	7e49c7851d3d1b602218357ec4384a28982ebdd8	
21399598	9785	2016-10-10T18:13:32.000Z	thomasburleson	2	818405052	8b4d2f98f5112ba0b83109af00dbbed3f93f7a5f	
21399598	9805	2016-10-10T18:25:03.000Z	thomasburleson	2	818418139	7931d5c805bdaa5a6d9a741a87f497c356663412	
21399598	9599	2016-10-12T01:34:16.000Z	kara	2	820357401	e0463c00083703b4df9186b43363b6132efe3c14	
21399598	9442	2016-10-12T15:53:11.000Z	kara	2	821190828	d553919130cf85314c10a19b27a9b5c9665cdac9	
21399598	5434	2016-10-12T16:57:25.000Z	kara	2	821278846	24370e7627389a873a95777f8bebc8bb43c842ce	
21399598	5563	2016-10-12T16:57:25.000Z	kara	2	821278845	24370e7627389a873a95777f8bebc8bb43c842ce	
21399598	9603	2016-10-12T21:59:41.000Z	kara	2	821668884	ff86bbafcc5c92b20c5dcaf87cf081ce937f1320	
21399598	8896	2016-10-12T23:11:29.000Z	kara	2	821735371	da6baac3f28400499a7db30dc60619a3a96cb254	
21399598	9147	2016-10-12T23:12:11.000Z	kara	2	821735920	ec318e72c3ed75207fd150322c1d3b47adb75f3a	
21399598	9500	2016-10-12T23:12:46.000Z	kara	2	821736383	038f3ed2da24dae61e0fd9c546b836ea5bb1504d	
21399598	9727	2016-10-13T01:30:29.000Z	kara	2	821829165	13fba2cbc115bf5754b4d682196dffc0a4346f7c	
21399598	8903	2016-10-13T17:23:43.000Z	kara	2	822836706	974acd3f76eae78db0c78c4d4fbe5f38a5bd0e53	
21399598	9755	2016-10-13T17:38:57.000Z	kara	2	822856633	c9a215b90e44d19be0d0868a0ed113aadc35e11c	
21399598	1870	2016-10-14T17:23:16.000Z	kara	2	824298465	bf5c03678f990f47321f37f9b5b1c42806dee7f8	
21399598	2965	2016-10-14T17:25:17.000Z	kara	2	824301125	7090a1f1c024fc7d2b5a0506d2fc8d554d82fd6d	
21399598	9450	2016-10-14T18:21:58.000Z	kara	2	824371473	9e0c30e99fe3ea1fd3ca597c4ff474dfbf628b36	
21399598	8446	2016-10-14T18:22:21.000Z	kara	2	824372220	1e4ba35d4d7b3ec15b482863a6d60def1b760117	
21399598	9633	2016-10-16T01:54:31.000Z	kara	2	825004549	2c286b41d6a4d85f2be88986d1331f84241a9b3a	
21399598	7878	2016-10-16T01:58:04.000Z	kara	2	825004954	d46490427a51a83a676b4ab6143b96df33da9748	
21399598	9815	2016-10-16T19:23:36.000Z	thomasburleson	2	825188919	3ab002f0610cd13f465087363fe09ebe57b4beb8	
21399598	9750	2016-10-17T20:21:57.000Z	thomasburleson	2	826524037	d4730a9d17614a71824e40f9d23f61467dae027e	
21399598	9565	2016-10-21T21:19:05.000Z	jelbourn	2	832519128	80e87b5b397d0f36bb7ae5cfc1045a1ef805f633	
21399598	9425	2016-10-21T21:19:27.000Z	jelbourn	2	832519455	bd605c0440492f09ebfa2a23b0e5f04d767884c6	
21399598	9725	2016-10-21T21:19:41.000Z	jelbourn	2	832519640	22f9fafcb26bc3a9fe2333dfdd6b88d7e3b34914	
21399598	9841	2016-10-21T21:19:53.000Z	jelbourn	2	832519826	d6d3546a67a521d07e7d9b9d28a4e5e7becc81c9	
21399598	9757	2016-10-21T21:20:18.000Z	jelbourn	2	832520249	30342373ab02cf426588deb2b6133d6ac10567c7	
21399598	9769	2016-10-21T21:20:56.000Z	jelbourn	2	832520904	1ed298bc23a181f9840d82149a62af8613c4e8a9	
21399598	9862	2016-10-21T21:21:11.000Z	jelbourn	2	832521170	97cbe69f7b69d21fb05ee3ada8589e6ee9111ce9	
21399598	9860	2016-10-21T21:21:19.000Z	jelbourn	2	832521275	44681265c57487d3b178ab00f340a2a67bd5d80b	
21399598	9745	2016-10-24T20:24:06.000Z	jelbourn	2	834480135	79d272d50c3c473ff6f2873b63c877b596735b2a	
21399598	9793	2016-10-24T20:24:15.000Z	jelbourn	2	834480372	72b4f10085f4255d037e453cbb11a6eaf6721b88	
21399598	8749	2016-10-24T20:24:28.000Z	jelbourn	2	834480607	34823ac36553353394f70ff9de2c53f63a5611ac	
7639232	3648	2016-10-25T23:17:30.000Z	mgiambalvo	2	836292093	b67d8eb4101ee80c53476d1640865ca612793436	
21399598	9279	2016-10-27T18:45:57.000Z	jelbourn	2	839067742	348f6c0939185bac31a076c1de31f974e5e77968	
21399598	9481	2016-10-27T18:47:44.000Z	jelbourn	2	839070103	af041da7758ba29660aeedfebc515b1130cb6d30	
21399598	9758	2016-10-27T18:47:53.000Z	jelbourn	2	839070375	dbc52d020ec6c58f178efee3ce5271c454c27409	
21399598	9108	2016-10-27T18:48:02.000Z	jelbourn	2	839070581	c93fdad5ad3b1a6a216da702b716135c84543ef5	
21399598	9270	2016-10-27T18:50:03.000Z	jelbourn	2	839073567	a0900795a9102703e623f862ae8a57b6d6980542	
21399598	9863	2016-10-27T18:50:33.000Z	jelbourn	2	839074149	b3b8fab933fdee5fed6d6829f0cc50e454822668	
21399598	2727	2016-10-27T18:50:42.000Z	jelbourn	2	839074356	70cecda543e9e4724307a674fde08d7330f024d8	
21399598	4841	2016-10-27T18:50:42.000Z	jelbourn	2	839074355	70cecda543e9e4724307a674fde08d7330f024d8	
